{"coffee maker":{"x":[6.13004278238536,13.5222429639606,20.9144431455358,28.306643327111,35.6988435086862,43.0910436902614,50.4832438718366,57.8754440534118,65.2676442349871,72.6598444165623,80.0520445981375,87.4442447797127,94.8364449612879,102.228645142863,109.620845324438,117.013045506014,124.405245687589,131.797445869164,139.189646050739,146.581846232314,153.97404641389,161.366246595465,168.75844677704,176.150646958615,183.54284714019,190.935047321766,198.327247503341,205.719447684916,213.111647866491,220.503848048067,227.896048229642,235.288248411217,242.680448592792,250.072648774367,257.464848955943,264.857049137518,272.249249319093,279.641449500668,287.033649682243,294.425849863819,301.818050045394,309.210250226969,316.602450408544,323.994650590119,331.386850771695,338.77905095327,346.171251134845,353.56345131642,360.955651497996,368.347851679571,375.740051861146,383.132252042721,390.524452224296,397.916652405872,405.308852587447,412.701052769022,420.093252950597,427.485453132172,434.877653313748,442.269853495323,449.662053676898,457.054253858473,464.446454040048,471.838654221624,479.230854403199,486.623054584774,494.015254766349,501.407454947925,508.7996551295,516.191855311075,523.58405549265,530.976255674225,538.368455855801,545.760656037376,553.152856218951,560.545056400526,567.937256582101,575.329456763677,582.721656945252,590.113857126827,597.506057308402,604.898257489977,612.290457671553],"y":[0.0129105539473342,0.0163415070573576,0.0169474155422232,0.0153477644583103,0.0123905671797641,0.00985384641243964,0.00598763056410527,0.00539063618378783,0.00605677984174548,0.004301541355914,0.00342291611827979,0.00302700011371774,0.00272302066197504,0.0022965251636257,0.00161281374414458,0.00269167347170197,0.00210844447785642,0.00101014673061436,0.000392875557335725,8.68293252801364e-05,0.000536784533643167,0.00132178675750986,0.000720634092384118,0.00018848324716158,0.000363326270405419,0.000315358937524178,0.000387374668286862,0.000176763054610371,1.89697135782256e-05,1.53831525852003e-06,3.83120086590493e-06,2.40024283667983e-05,0.000196091071138808,0.000363131771284987,0.000107238137359786,2.15154149334736e-05,6.93208054464558e-06,3.9273460755383e-07,3.61566760327141e-09,4.52886525333254e-12,2.8800595186572e-10,1.9050956186219e-07,1.57347067663709e-05,0.000197610601648882,0.000361352867039323,9.78360312160376e-05,1.07267541790021e-05,8.81708967186314e-06,9.1565462786729e-06,5.28026138727278e-06,4.99383748844682e-07,7.19761958262107e-09,1.51585509198191e-11,3.62341237707451e-15,1.18566906816099e-19,1.64584694427583e-19,0,0,0,0,0,0,2.12116936899078e-15,8.2654165233433e-12,4.35899272553045e-09,3.81510328787848e-07,4.63375087002671e-06,8.39967564866661e-06,2.49590815905968e-06,3.94136583597615e-06,8.65028898728441e-06,2.82318658346268e-06,1.32941295007562e-07,9.65449536068702e-10,8.63166969459799e-13,1.77910762090811e-15,1.58436378005391e-11,1.71071676732773e-08,3.49868961506408e-06,9.19666640404474e-05,0.000354431531885541,0.000196292592337674,1.53854613458729e-05]},"headphones":{"x":[0.309881076714822,2.44710277004688,4.58432446337894,6.72154615671099,8.85876785004305,10.9959895433751,13.1332112367072,15.2704329300392,17.4076546233713,19.5448763167033,21.6820980100354,23.8193197033675,25.9565413966995,28.0937630900316,30.2309847833636,32.3682064766957,34.5054281700277,36.6426498633598,38.7798715566919,40.9170932500239,43.054314943356,45.191536636688,47.3287583300201,49.4659800233522,51.6032017166842,53.7404234100163,55.8776451033483,58.0148667966804,60.1520884900124,62.2893101833445,64.4265318766765,66.5637535700086,68.7009752633407,70.8381969566727,72.9754186500048,75.1126403433368,77.2498620366689,79.387083730001,81.524305423333,83.6615271166651,85.7987488099971,87.9359705033292,90.0731921966613,92.2104138899933,94.3476355833254,96.4848572766574,98.6220789699895,100.759300663322,102.896522356654,105.033744049986,107.170965743318,109.30818743665,111.445409129982,113.582630823314,115.719852516646,117.857074209978,119.99429590331,122.131517596642,124.268739289974,126.405960983306,128.543182676638,130.68040436997,132.817626063302,134.954847756634,137.092069449967,139.229291143299,141.366512836631,143.503734529963,145.640956223295,147.778177916627,149.915399609959,152.052621303291,154.189842996623,156.327064689955,158.464286383287,160.601508076619,162.738729769951,164.875951463283,167.013173156615,169.150394849947,171.287616543279],"y":[0.00568033183708005,0.0105056012326296,0.0159340404781438,0.0203562142756447,0.0228530260684831,0.0238212117165238,0.0241677618188975,0.0241910248993408,0.0236382662632246,0.022547907991741,0.0213946810235744,0.0204386266316792,0.0194134899161539,0.0179411320433319,0.0160769295243165,0.0144750603073017,0.0139378246886564,0.0144986847821006,0.0150347899419001,0.0142742426057651,0.012148435969932,0.00964091764530847,0.00753190139748695,0.00592253420200639,0.00476459026439798,0.00418898305378735,0.00424866271565936,0.00462863611033867,0.00483336100927861,0.00467450760680981,0.00437174681292189,0.00410518839398249,0.00374712261942721,0.00317036058982262,0.00252252577666442,0.00203728046495743,0.00176952317415122,0.00161666850144588,0.00148275649761275,0.00135146965508081,0.00123733537732643,0.00112077905801626,0.000963324105754151,0.00078137019167248,0.000661130733841498,0.000662615272008445,0.000726648514836693,0.000725190188713164,0.00060049341102688,0.000411637073196883,0.000251099909945759,0.000167689552098848,0.000176065015169867,0.000289863548793403,0.000495222311291433,0.00070302195829315,0.000786625703473329,0.00070354467406876,0.000545194188301623,0.000432768476853135,0.000394265686984171,0.000371871556030304,0.000318589730848912,0.000243202505773853,0.000173732527247018,0.00012039765732424,8.09695689616667e-05,5.7058104438942e-05,5.18768268150778e-05,5.94416261597466e-05,6.57752789969637e-05,6.30333820871657e-05,5.74230348660122e-05,5.83920881393497e-05,6.39459433298735e-05,6.27327546920471e-05,4.90950350714335e-05,2.94079727193042e-05,1.33139190669599e-05,4.53566432041222e-06,1.16588204738825e-06]},"laptop":{"x":[29.6687632747057,72.4527951901972,115.236827105689,158.02085902118,200.804890936672,243.588922852163,286.372954767655,329.156986683146,371.941018598637,414.725050514129,457.50908242962,500.293114345112,543.077146260603,585.861178176095,628.645210091586,671.429242007078,714.213273922569,756.997305838061,799.781337753552,842.565369669044,885.349401584535,928.133433500027,970.917465415518,1013.70149733101,1056.4855292465,1099.26956116199,1142.05359307748,1184.83762499298,1227.62165690847,1270.40568882396,1313.18972073945,1355.97375265494,1398.75778457043,1441.54181648592,1484.32584840142,1527.10988031691,1569.8939122324,1612.67794414789,1655.46197606338,1698.24600797887,1741.03003989436,1783.81407180986,1826.59810372535,1869.38213564084,1912.16616755633,1954.95019947182,1997.73423138731,2040.5182633028,2083.3022952183,2126.08632713379,2168.87035904928,2211.65439096477,2254.43842288026,2297.22245479575,2340.00648671124,2382.79051862674,2425.57455054223,2468.35858245772,2511.14261437321,2553.9266462887,2596.71067820419,2639.49471011968,2682.27874203518,2725.06277395067,2767.84680586616,2810.63083778165,2853.41486969714,2896.19890161263,2938.98293352813,2981.76696544362,3024.55099735911,3067.3350292746,3110.11906119009,3152.90309310558,3195.68712502107,3238.47115693657,3281.25518885206,3324.03922076755,3366.82325268304,3409.60728459853,3452.39131651402,3495.17534842951],