"item","meanlog","sdlog"
"college student",3.08267551044342,0.351062958687368
"new parent",3.30527314302142,0.351185145824466
"New Yorker",3.38899721564664,0.75247657257832
"tree",2.47631373209708,1.20785888730368
"building",3.643650939323,1.48230774776933
"mountain",7.9209115236996,1.58259538416177
"coffee maker",3.59586352287653,0.82924724204991
"watch",3.30995517059743,1.83768649501891
"laptop",6.30967665951173,0.719644945696214
