"item","meanlog","sdlog"
"coffee maker",3.67248913778042,0.866494140943499
"headphones",3.64386607577781,1.05797378402233
"laptop",6.32700969581679,0.757441886075984
"sweater",3.6076465270541,0.777751349467502
"watch",3.70554749398534,1.73446985815016
